year,exam,region,failure_type,what_failed,source
2009,CAT,National,Delivery,Malware on centre PCs; ~7-8k of ~70k candidates affected,https://www.business-standard.com/article/management/iims-prometric-blame-virus-for-cat-glitches-109120100117_1.html
2022,JEE Main,National,Delivery,"Questions not loading, servers down; Supreme Court ordered an extra session",https://www.freepressjournal.in/education/jee-main-2022-supreme-court-to-hear-petition-alleging-technical-glitches-during-exams
2022,CUET-UG,National,Delivery,Paper uploaded at 5 pm for a 3 pm start; second shift cancelled at all 489 centres,https://www.business-standard.com/article/current-affairs/cuet-ug-scheduled-for-aug-4-postponed-at-few-centres-across-17-states-nta-122080401084_1.html
2025,JEE Main,National,Delivery,Technical snag at a centre; 114 candidates rescheduled,https://news.careers360.com/nta-jee-main-2025-rescheduled-january-28-29-for-114-candidates-citing-technical-snag-at-karnataka-centre/amp
2025,BITSAT,National,Delivery,Server failures and long waits in several cities,https://news.careers360.com/bitsat-2025-exam-faces-server-failures-delays-at-multiple-centers-candidates-report-long-waits/amp
2025,CUET-UG,National,Delivery,"Pan-India technical issues: delayed entry, server errors",https://news.careers360.com/cuet-ug-2025-may-26-exam-marred-pan-india-technical-issues-candidates-report-delay-in-entry-for-shift-1-server-error-latest-news/amp
2025,SSC Phase 13,National,Delivery,"New vendor: frozen systems, dead peripherals, cancellations",https://news.careers360.com/ssc-phase-13-exam-2025-cancelled-at-multiple-centres-due-technical-administrative-glitches/amp
2025,SSC CGL Tier-1,National,Delivery,Server crashes; shifts cancelled at centres in several states (~28 lakh candidates),https://news.careers360.com/ssc-cgl-2025-exams-cancelled-multiple-centres-protests-glitch-free-promise-failed-delhi-gurugram-jammu-jharkhand-west-bengal/amp
2026,CUET-UG,National,Delivery,Technology partner's glitch delayed start by 2+ hours,https://www.outlookindia.com/national/cuet-ug-2026-delayed-by-technical-glitch-opposition-targets-centre-over-exam-disruptions
2026,NEET-PG and AIIMS CRE (Jaipur),Rajasthan,Delivery,"Power failures at a CBT centre; same site failed on consecutive days; 2,445 NEET-PG candidates",https://www.tribuneindia.com/news/rajasthan/power-glitch-re-occurs-at-jaipur-exam-centre-aiims-recruitment-test-cancelled/
2025,MPESB Group-1 Sub-Group-3,Madhya Pradesh,Delivery,"Shift postponed for technical reasons after 4,818 of 10,704 candidates reached 42 centres",https://scroll.in/announcements/1082427/mpesb-group-1-exam-2025-shift-1-postponed-due-to-technical-issues-revised-dates-soon
2026,MPESB Forest Guard / Jail Prahari,Madhya Pradesh,Delivery,Exam vendor's server failed; ~3-hour wait; shift cancelled,https://neopolitico.com/india/mpesb-exam-cancelled-midway-due-to-server-failure-thousands-of-candidates-left-stranded-demand-compensation/
2020-21,3 MPESB recruitment exams,Madhya Pradesh,Security,State technical probe (MPSEDC): papers downloaded from unauthorised computers; all 3 cancelled,https://www.freepressjournal.in/bhopal/73-madhya-pradesh-employees-selection-board-exams-since-2020-over-a-dozen-hit-by-fraud-3-cancelled
2018,SSC CGL Tier-II,National,Security,Remote-access software used on exam PCs,https://www.thequint.com/news/india/cbi-books-sify-employees-in-ssc-paper-leak-case
2021,JEE Main,National,Security,Remote access to exam PCs at a centre,https://theprint.in/india/this-is-how-jee-mains-was-manipulated-solvers-hacked-into-computers-to-write-papers/731636/
2025,SSC / JSSC CGL (Dhanbad),Jharkhand,Security,Centre server tampered with; answers auto-selected,https://news.careers360.com/ssc-cgl-2025-dhanbad-server-manager-arrested-cheating-case-scam-gang-candidates-mouse-answers-vendor-chairman-supreme-court
2017,Mumbai University on-screen marking,Maharashtra,Evaluation,Results of 477 exams delayed 3-4 months,https://www.dnaindia.com/mumbai/report-mumbai-university-vc-sanjay-deshmukh-asked-to-quit-2555150
2019,Telangana Intermediate results,Telangana,Evaluation,Vendor software produced wrong mark sheets,https://www.theweek.in/news/india/2019/04/26/errors-in-intermediate-results-telangana-witnesses-largest-unrest-against-kcr.html
2026,CBSE on-screen marking,National,Evaluation,"Mismatched scans, portal overload, exposed credentials",https://en.wikipedia.org/wiki/2026_CBSE_On-Screen_Marking_controversy
